-- populate products
insert into product (id, name, quantity, price) values (1, 'Bread - Rye', 7, 137);
insert into product (id, name, quantity, price) values (2, 'Bag - Clear 7 Lb', 2, 25);
insert into product (id, name, quantity, price) values (3, 'Lentils - Red, Dry', 7, 31);
insert into product (id, name, quantity, price) values (4, 'Oil - Truffle, Black', 1, 137);
insert into product (id, name, quantity, price) values (5, 'Pepper - Orange', 8, 54);
insert into product (id, name, quantity, price) values (6, 'Yogurt - Plain', 1, 28);
insert into product (id, name, quantity, price) values (7, 'Nut - Pumpkin Seeds', 1, 38);
insert into product (id, name, quantity, price) values (8, 'Pasta - Fettuccine, Dry', 3, 70);
insert into product (id, name, quantity, price) values (9, 'Spice - Chili Powder Mexican', 10, 159);
insert into product (id, name, quantity, price) values (10, 'Capon - Whole', 4, 48);
insert into product (id, name, quantity, price) values (11, 'Bread - Bagels, Mini', 9, 44);
insert into product (id, name, quantity, price) values (12, 'Tea - Mint', 10, 37);
insert into product (id, name, quantity, price) values (13, 'Chicken - Leg / Back Attach', 4, 138);
insert into product (id, name, quantity, price) values (14, 'Wine - Savigny - Les - Beaune', 10, 14);
insert into product (id, name, quantity, price) values (15, 'Sugar - Splenda Sweetener', 3, 49);
insert into product (id, name, quantity, price) values (16, 'Syrup - Monin, Amaretta', 1, 119);
insert into product (id, name, quantity, price) values (17, 'Salt - Celery', 8, 28);
insert into product (id, name, quantity, price) values (18, 'Plate Pie Foil', 10, 15);
insert into product (id, name, quantity, price) values (19, 'Wine - Red, Cooking', 1, 177);
insert into product (id, name, quantity, price) values (20, 'Cookies - Englishbay Chochip', 4, 51);
insert into product (id, name, quantity, price) values (21, 'Wine - White, Ej Gallo', 2, 59);
insert into product (id, name, quantity, price) values (22, 'Compound - Mocha', 3, 52);
insert into product (id, name, quantity, price) values (23, 'Chicken - Leg, Fresh', 5, 69);
insert into product (id, name, quantity, price) values (24, 'Food Colouring - Orange', 1, 195);
insert into product (id, name, quantity, price) values (25, 'Longos - Chicken Wings', 10, 172);
insert into product (id, name, quantity, price) values (26, 'Shrimp - Tiger 21/25', 2, 116);
insert into product (id, name, quantity, price) values (27, 'Lid - 10,12,16 Oz', 4, 129);
insert into product (id, name, quantity, price) values (28, 'The Pop Shoppe - Grape', 10, 49);
insert into product (id, name, quantity, price) values (29, 'Pork - Loin, Bone - In', 8, 188);
insert into product (id, name, quantity, price) values (30, 'Zucchini - Mini, Green', 7, 132);
insert into product (id, name, quantity, price) values (31, 'Wine - Spumante Bambino White', 9, 30);
insert into product (id, name, quantity, price) values (32, 'Jam - Raspberry', 7, 86);
insert into product (id, name, quantity, price) values (33, 'Hog / Sausage Casing - Pork', 10, 145);
insert into product (id, name, quantity, price) values (34, 'Langers - Mango Nectar', 9, 193);
insert into product (id, name, quantity, price) values (35, 'Coffee - 10oz Cup 92961', 8, 54);
insert into product (id, name, quantity, price) values (36, 'Tequila Rose Cream Liquor', 3, 103);
insert into product (id, name, quantity, price) values (37, 'Towel - Roll White', 7, 190);
insert into product (id, name, quantity, price) values (38, 'Beans - Green', 9, 101);
insert into product (id, name, quantity, price) values (39, 'Rice - Long Grain', 5, 54);
insert into product (id, name, quantity, price) values (40, 'Chicken - Wings, Tip Off', 3, 115);
insert into product (id, name, quantity, price) values (41, 'Pear - Packum', 10, 193);
insert into product (id, name, quantity, price) values (42, 'Vodka - Lemon, Absolut', 8, 123);
insert into product (id, name, quantity, price) values (43, 'Apples - Sliced / Wedge', 3, 21);
insert into product (id, name, quantity, price) values (44, 'Chicken - Breast, 5 - 7 Oz', 8, 135);
insert into product (id, name, quantity, price) values (45, 'Pork - Tenderloin, Fresh', 2, 79);
insert into product (id, name, quantity, price) values (46, 'Cinnamon - Ground', 8, 168);
insert into product (id, name, quantity, price) values (47, 'Beer - Camerons Auburn', 8, 115);
insert into product (id, name, quantity, price) values (48, 'Wine - German Riesling', 2, 159);
insert into product (id, name, quantity, price) values (49, 'Butter - Salted', 10, 21);
insert into product (id, name, quantity, price) values (50, 'Pork - Backfat', 5, 72);
insert into product (id, name, quantity, price) values (51, 'Dried Cranberries', 10, 113);
insert into product (id, name, quantity, price) values (52, 'Swiss Chard', 5, 36);
insert into product (id, name, quantity, price) values (53, 'Cheese - Bocconcini', 7, 17);
insert into product (id, name, quantity, price) values (54, 'Roe - Lump Fish, Black', 8, 111);
insert into product (id, name, quantity, price) values (55, 'Quiche Assorted', 8, 167);
insert into product (id, name, quantity, price) values (56, 'Eggplant - Baby', 5, 114);
insert into product (id, name, quantity, price) values (57, 'Wine - Two Oceans Cabernet', 2, 152);
insert into product (id, name, quantity, price) values (58, 'Wine - Red, Gamay Noir', 5, 123);
insert into product (id, name, quantity, price) values (59, 'Bread Base - Goodhearth', 5, 38);
insert into product (id, name, quantity, price) values (60, 'Grapes - Red', 1, 184);
insert into product (id, name, quantity, price) values (61, 'Beef - Montreal Smoked Brisket', 1, 28);
insert into product (id, name, quantity, price) values (62, 'Tumeric', 1, 102);
insert into product (id, name, quantity, price) values (63, 'Lamb - Leg, Bone In', 1, 124);
insert into product (id, name, quantity, price) values (64, 'Kellogs Special K Cereal', 6, 87);
insert into product (id, name, quantity, price) values (65, 'Pineapple - Golden', 1, 179);
insert into product (id, name, quantity, price) values (66, 'Wine - Jackson Triggs Okonagan', 8, 175);
insert into product (id, name, quantity, price) values (67, 'Muffin Hinge 117n', 3, 110);
insert into product (id, name, quantity, price) values (68, 'Table Cloth 54x72 White', 4, 132);
insert into product (id, name, quantity, price) values (69, 'French Pastries', 6, 135);
insert into product (id, name, quantity, price) values (70, 'Foam Cup 6 Oz', 5, 142);
insert into product (id, name, quantity, price) values (71, 'Sauce - Apple, Unsweetened', 1, 183);
insert into product (id, name, quantity, price) values (72, 'Tobasco Sauce', 8, 15);
insert into product (id, name, quantity, price) values (73, 'Shrimp - 16 - 20 Cooked, Peeled', 10, 79);
insert into product (id, name, quantity, price) values (74, 'Longos - Chicken Wings', 6, 109);
insert into product (id, name, quantity, price) values (75, 'Pork - Bacon, Sliced', 6, 127);
insert into product (id, name, quantity, price) values (76, 'Shrimp - Black Tiger 6 - 8', 8, 95);
insert into product (id, name, quantity, price) values (77, 'Cognac - Courvaisier', 10, 120);
insert into product (id, name, quantity, price) values (78, 'Papadam', 6, 65);
insert into product (id, name, quantity, price) values (79, 'Bread - Pita', 10, 66);
insert into product (id, name, quantity, price) values (80, 'Hot Chocolate - Individual', 7, 34);
insert into product (id, name, quantity, price) values (81, 'Ecolab Digiclean Mild Fm', 4, 27);
insert into product (id, name, quantity, price) values (82, 'Jam - Raspberry,jar', 4, 106);
insert into product (id, name, quantity, price) values (83, 'Orange Roughy 6/8 Oz', 10, 165);
insert into product (id, name, quantity, price) values (84, 'Beer - Labatt Blue', 3, 166);
insert into product (id, name, quantity, price) values (85, 'Pears - Bartlett', 4, 92);
insert into product (id, name, quantity, price) values (86, 'Calypso - Strawberry Lemonade', 4, 192);
insert into product (id, name, quantity, price) values (87, 'Soup - Campbells Beef Stew', 8, 63);
insert into product (id, name, quantity, price) values (88, 'Milk - Condensed', 7, 163);
insert into product (id, name, quantity, price) values (89, 'Puree - Mango', 8, 107);
insert into product (id, name, quantity, price) values (90, 'Scallops - U - 10', 7, 71);
insert into product (id, name, quantity, price) values (91, 'Currants', 6, 122);
insert into product (id, name, quantity, price) values (92, 'Pastry - Lemon Danish - Mini', 7, 124);
insert into product (id, name, quantity, price) values (93, 'Cup - Paper 10oz 92959', 9, 183);
insert into product (id, name, quantity, price) values (94, 'Chocolate - Unsweetened', 2, 27);
insert into product (id, name, quantity, price) values (95, 'Beer - Muskoka Cream Ale', 1, 185);
insert into product (id, name, quantity, price) values (96, 'Wine La Vielle Ferme Cote Du', 5, 178);
insert into product (id, name, quantity, price) values (97, 'Ginger - Pickled', 6, 187);
insert into product (id, name, quantity, price) values (98, 'Island Oasis - Pina Colada', 2, 101);
insert into product (id, name, quantity, price) values (99, 'Mayonnaise - Individual Pkg', 5, 91);
insert into product (id, name, quantity, price) values (100, 'Chicken Breast Halal', 7, 166);

-- populate coupons

insert into coupon (id, coupon_type, expiry_date, threshold, disc_pct, is_active, rep_limit, product_id) values (1, 'CART_WISE', '2023-12-08 07:15:46', 289, 57, 0, null, '6');
insert into coupon (id, coupon_type, expiry_date, threshold, disc_pct, is_active, rep_limit, product_id) values (2, 'CART_WISE', '2024-11-15 18:57:41', 413, 29, 1, null, '48');
insert into coupon (id, coupon_type, expiry_date, threshold, disc_pct, is_active, rep_limit, product_id) values (3, 'PRODUCT_WISE', '2024-11-02 02:17:59', 888, 18, 1, null, '36');
insert into coupon (id, coupon_type, expiry_date, threshold, disc_pct, is_active, rep_limit, product_id) values (4, 'CART_WISE', '2024-05-20 21:01:54', 361, 72, 1, null, '31');
insert into coupon (id, coupon_type, expiry_date, threshold, disc_pct, is_active, rep_limit, product_id) values (5, 'PRODUCT_WISE', '2024-02-07 00:32:56', 970, 80, 0, null, '38');
insert into coupon (id, coupon_type, expiry_date, threshold, disc_pct, is_active, rep_limit, product_id) values (6, 'BXGY', '2024-06-30 09:00:33', null, null, 0, 7, '11');
insert into coupon (id, coupon_type, expiry_date, threshold, disc_pct, is_active, rep_limit, product_id) values (7, 'CART_WISE', '2024-04-14 16:19:20', 557, 10, 1, null, '19');
insert into coupon (id, coupon_type, expiry_date, threshold, disc_pct, is_active, rep_limit, product_id) values (8, 'CART_WISE', '2024-06-23 03:14:09', 919, 44, 0, null, '5');
insert into coupon (id, coupon_type, expiry_date, threshold, disc_pct, is_active, rep_limit, product_id) values (9, 'PRODUCT_WISE', '2024-09-27 07:28:34', 245, 53, 1, null, '28');
insert into coupon (id, coupon_type, expiry_date, threshold, disc_pct, is_active, rep_limit, product_id) values (10, 'BXGY', '2024-10-01 00:36:11', null, null, 1, 8, '49');
insert into coupon (id, coupon_type, expiry_date, threshold, disc_pct, is_active, rep_limit, product_id) values (11, 'PRODUCT_WISE', '2024-07-12 04:25:12', 772, 30, 0, null, '58');
insert into coupon (id, coupon_type, expiry_date, threshold, disc_pct, is_active, rep_limit, product_id) values (12, 'CART_WISE', '2024-01-23 17:58:14', 893, 47, 1, null, '57');
insert into coupon (id, coupon_type, expiry_date, threshold, disc_pct, is_active, rep_limit, product_id) values (13, 'CART_WISE', '2024-09-08 01:03:49', 240, 38, 1, null, '69');
insert into coupon (id, coupon_type, expiry_date, threshold, disc_pct, is_active, rep_limit, product_id) values (14, 'CART_WISE', '2024-02-07 23:56:07', 850, 96, 0, null, '94');
insert into coupon (id, coupon_type, expiry_date, threshold, disc_pct, is_active, rep_limit, product_id) values (15, 'BXGY', '2023-11-24 13:01:49', null, null, 1, 3, '16');
insert into coupon (id, coupon_type, expiry_date, threshold, disc_pct, is_active, rep_limit, product_id) values (16, 'PRODUCT_WISE', '2024-01-07 06:28:51', 371, 30, 0, null, '63');
insert into coupon (id, coupon_type, expiry_date, threshold, disc_pct, is_active, rep_limit, product_id) values (17, 'PRODUCT_WISE', '2024-04-06 09:31:56', 985, 100, 0, null, '47');
insert into coupon (id, coupon_type, expiry_date, threshold, disc_pct, is_active, rep_limit, product_id) values (18, 'PRODUCT_WISE', '2024-07-10 05:29:02', 177, 22, 1, null, '52');
insert into coupon (id, coupon_type, expiry_date, threshold, disc_pct, is_active, rep_limit, product_id) values (19, 'PRODUCT_WISE', '2024-11-04 08:20:03', 179, 69, 0, null, '15');
insert into coupon (id, coupon_type, expiry_date, threshold, disc_pct, is_active, rep_limit, product_id) values (20, 'BXGY', '2023-12-18 02:57:51', null, null, 1, 5, '8');
insert into coupon (id, coupon_type, expiry_date, threshold, disc_pct, is_active, rep_limit, product_id) values (21, 'PRODUCT_WISE', '2024-05-06 10:03:45', 930, 60, 0, null, '64');
insert into coupon (id, coupon_type, expiry_date, threshold, disc_pct, is_active, rep_limit, product_id) values (22, 'CART_WISE', '2024-01-08 20:36:42', 855, 30, 0, null, '70');
insert into coupon (id, coupon_type, expiry_date, threshold, disc_pct, is_active, rep_limit, product_id) values (23, 'CART_WISE', '2024-04-03 15:23:22', 395, 20, 0, null, '45');
insert into coupon (id, coupon_type, expiry_date, threshold, disc_pct, is_active, rep_limit, product_id) values (24, 'BXGY', '2024-07-03 06:20:02', null, null, 0, 8, '89');
insert into coupon (id, coupon_type, expiry_date, threshold, disc_pct, is_active, rep_limit, product_id) values (25, 'BXGY', '2024-01-21 07:09:18', null, null, 0, 9, '92');
insert into coupon (id, coupon_type, expiry_date, threshold, disc_pct, is_active, rep_limit, product_id) values (26, 'PRODUCT_WISE', '2024-02-03 03:50:59', 992, 43, 0, null, '40');
insert into coupon (id, coupon_type, expiry_date, threshold, disc_pct, is_active, rep_limit, product_id) values (27, 'PRODUCT_WISE', '2024-03-02 03:37:27', 868, 4, 0, null, '87');
insert into coupon (id, coupon_type, expiry_date, threshold, disc_pct, is_active, rep_limit, product_id) values (28, 'PRODUCT_WISE', '2024-07-19 19:28:41', 281, 26, 1, null, '29');
insert into coupon (id, coupon_type, expiry_date, threshold, disc_pct, is_active, rep_limit, product_id) values (29, 'BXGY', '2023-12-13 01:13:45', null, null, 0, 9, '34');
insert into coupon (id, coupon_type, expiry_date, threshold, disc_pct, is_active, rep_limit, product_id) values (30, 'PRODUCT_WISE', '2024-01-05 09:28:19', 169, 1, 1, null, '7');
insert into coupon (id, coupon_type, expiry_date, threshold, disc_pct, is_active, rep_limit, product_id) values (31, 'PRODUCT_WISE', '2024-04-24 07:55:00', 147, 63, 0, null, '62');
insert into coupon (id, coupon_type, expiry_date, threshold, disc_pct, is_active, rep_limit, product_id) values (32, 'BXGY', '2024-05-31 18:30:29', null, null, 0, 8, '32');
insert into coupon (id, coupon_type, expiry_date, threshold, disc_pct, is_active, rep_limit, product_id) values (33, 'PRODUCT_WISE', '2024-09-26 02:23:56', 339, 40, 0, null, '37');
insert into coupon (id, coupon_type, expiry_date, threshold, disc_pct, is_active, rep_limit, product_id) values (34, 'PRODUCT_WISE', '2024-10-13 00:58:32', 908, 66, 1, null, '39');
insert into coupon (id, coupon_type, expiry_date, threshold, disc_pct, is_active, rep_limit, product_id) values (35, 'CART_WISE', '2024-10-20 23:43:36', 405, 44, 0, null, '66');
insert into coupon (id, coupon_type, expiry_date, threshold, disc_pct, is_active, rep_limit, product_id) values (36, 'PRODUCT_WISE', '2024-02-20 07:38:39', 350, 36, 1, null, '44');
insert into coupon (id, coupon_type, expiry_date, threshold, disc_pct, is_active, rep_limit, product_id) values (37, 'CART_WISE', '2024-05-25 01:57:55', 876, 33, 1, null, '71');
insert into coupon (id, coupon_type, expiry_date, threshold, disc_pct, is_active, rep_limit, product_id) values (38, 'BXGY', '2024-05-20 15:11:23', null, null, 0, 10, '41');
insert into coupon (id, coupon_type, expiry_date, threshold, disc_pct, is_active, rep_limit, product_id) values (39, 'PRODUCT_WISE', '2024-02-21 15:08:44', 758, 28, 0, null, '73');
insert into coupon (id, coupon_type, expiry_date, threshold, disc_pct, is_active, rep_limit, product_id) values (40, 'BXGY', '2023-12-09 10:07:43', null, null, 1, 2, '55');
insert into coupon (id, coupon_type, expiry_date, threshold, disc_pct, is_active, rep_limit, product_id) values (41, 'BXGY', '2024-01-02 00:46:55', null, null, 0, 2, '14');
insert into coupon (id, coupon_type, expiry_date, threshold, disc_pct, is_active, rep_limit, product_id) values (42, 'CART_WISE', '2024-05-26 10:41:31', 748, 28, 1, null, '83');
insert into coupon (id, coupon_type, expiry_date, threshold, disc_pct, is_active, rep_limit, product_id) values (43, 'CART_WISE', '2024-02-08 13:36:30', 543, 17, 0, null, '61');
insert into coupon (id, coupon_type, expiry_date, threshold, disc_pct, is_active, rep_limit, product_id) values (44, 'PRODUCT_WISE', '2024-09-08 16:18:39', 935, 34, 0, null, '90');
insert into coupon (id, coupon_type, expiry_date, threshold, disc_pct, is_active, rep_limit, product_id) values (45, 'BXGY', '2024-11-02 15:56:34', null, null, 1, 6, '97');
insert into coupon (id, coupon_type, expiry_date, threshold, disc_pct, is_active, rep_limit, product_id) values (46, 'PRODUCT_WISE', '2024-05-27 12:51:30', 139, 67, 0, null, '85');
insert into coupon (id, coupon_type, expiry_date, threshold, disc_pct, is_active, rep_limit, product_id) values (47, 'BXGY', '2024-05-19 11:05:47', null, null, 1, 2, '10');
insert into coupon (id, coupon_type, expiry_date, threshold, disc_pct, is_active, rep_limit, product_id) values (48, 'CART_WISE', '2023-12-12 22:53:56', 829, 76, 1, null, '56');
insert into coupon (id, coupon_type, expiry_date, threshold, disc_pct, is_active, rep_limit, product_id) values (49, 'PRODUCT_WISE', '2024-05-04 22:58:16', 466, 90, 0, null, '79');
insert into coupon (id, coupon_type, expiry_date, threshold, disc_pct, is_active, rep_limit, product_id) values (50, 'CART_WISE', '2023-12-05 23:50:45', 708, 9, 0, null, '50');
insert into coupon (id, coupon_type, expiry_date, threshold, disc_pct, is_active, rep_limit, product_id) values (51, 'PRODUCT_WISE', '2024-02-13 01:28:31', 596, 97, 0, null, '51');
insert into coupon (id, coupon_type, expiry_date, threshold, disc_pct, is_active, rep_limit, product_id) values (52, 'CART_WISE', '2024-03-23 22:11:56', 918, 31, 0, null, '91');
insert into coupon (id, coupon_type, expiry_date, threshold, disc_pct, is_active, rep_limit, product_id) values (53, 'BXGY', '2024-01-22 19:27:29', null, null, 1, 3, '65');
insert into coupon (id, coupon_type, expiry_date, threshold, disc_pct, is_active, rep_limit, product_id) values (54, 'BXGY', '2024-10-24 13:56:17', null, null, 1, 8, '1');
insert into coupon (id, coupon_type, expiry_date, threshold, disc_pct, is_active, rep_limit, product_id) values (55, 'CART_WISE', '2024-09-18 04:20:23', 838, 12, 1, null, '4');
insert into coupon (id, coupon_type, expiry_date, threshold, disc_pct, is_active, rep_limit, product_id) values (56, 'CART_WISE', '2024-03-28 15:59:47', 955, 6, 0, null, '74');
insert into coupon (id, coupon_type, expiry_date, threshold, disc_pct, is_active, rep_limit, product_id) values (57, 'BXGY', '2024-03-12 14:38:56', null, null, 1, 1, '76');
insert into coupon (id, coupon_type, expiry_date, threshold, disc_pct, is_active, rep_limit, product_id) values (58, 'PRODUCT_WISE', '2024-06-24 19:28:16', 628, 66, 0, null, '2');
insert into coupon (id, coupon_type, expiry_date, threshold, disc_pct, is_active, rep_limit, product_id) values (59, 'PRODUCT_WISE', '2024-11-22 07:37:35', 562, 10, 0, null, '35');
insert into coupon (id, coupon_type, expiry_date, threshold, disc_pct, is_active, rep_limit, product_id) values (60, 'CART_WISE', '2024-10-07 18:34:50', 129, 4, 0, null, '46');
insert into coupon (id, coupon_type, expiry_date, threshold, disc_pct, is_active, rep_limit, product_id) values (61, 'PRODUCT_WISE', '2024-02-12 15:42:10', 872, 44, 0, null, '20');
insert into coupon (id, coupon_type, expiry_date, threshold, disc_pct, is_active, rep_limit, product_id) values (62, 'CART_WISE', '2024-11-12 02:42:03', 499, 40, 1, null, '23');
insert into coupon (id, coupon_type, expiry_date, threshold, disc_pct, is_active, rep_limit, product_id) values (63, 'CART_WISE', '2024-05-07 18:37:12', 734, 13, 1, null, '75');
insert into coupon (id, coupon_type, expiry_date, threshold, disc_pct, is_active, rep_limit, product_id) values (64, 'BXGY', '2023-12-16 18:58:47', null, null, 0, 5, '18');
insert into coupon (id, coupon_type, expiry_date, threshold, disc_pct, is_active, rep_limit, product_id) values (65, 'PRODUCT_WISE', '2024-06-05 18:34:42', 208, 37, 0, null, '68');
insert into coupon (id, coupon_type, expiry_date, threshold, disc_pct, is_active, rep_limit, product_id) values (66, 'PRODUCT_WISE', '2024-06-20 14:50:23', 152, 24, 1, null, '43');
insert into coupon (id, coupon_type, expiry_date, threshold, disc_pct, is_active, rep_limit, product_id) values (67, 'PRODUCT_WISE', '2024-05-03 15:08:14', 442, 6, 0, null, '12');
insert into coupon (id, coupon_type, expiry_date, threshold, disc_pct, is_active, rep_limit, product_id) values (68, 'BXGY', '2024-06-08 17:24:58', null, null, 1, 4, '27');
insert into coupon (id, coupon_type, expiry_date, threshold, disc_pct, is_active, rep_limit, product_id) values (69, 'CART_WISE', '2024-06-21 09:58:06', 213, 10, 0, null, '86');
insert into coupon (id, coupon_type, expiry_date, threshold, disc_pct, is_active, rep_limit, product_id) values (70, 'CART_WISE', '2024-03-02 20:28:31', 982, 67, 1, null, '22');
insert into coupon (id, coupon_type, expiry_date, threshold, disc_pct, is_active, rep_limit, product_id) values (71, 'BXGY', '2024-01-05 07:07:13', null, null, 0, 1, '80');
insert into coupon (id, coupon_type, expiry_date, threshold, disc_pct, is_active, rep_limit, product_id) values (72, 'PRODUCT_WISE', '2024-02-21 02:41:37', 222, 15, 1, null, '95');
insert into coupon (id, coupon_type, expiry_date, threshold, disc_pct, is_active, rep_limit, product_id) values (73, 'BXGY', '2024-05-01 02:24:45', null, null, 1, 1, '78');
insert into coupon (id, coupon_type, expiry_date, threshold, disc_pct, is_active, rep_limit, product_id) values (74, 'PRODUCT_WISE', '2024-03-20 12:57:32', 631, 55, 1, null, '98');
insert into coupon (id, coupon_type, expiry_date, threshold, disc_pct, is_active, rep_limit, product_id) values (75, 'BXGY', '2024-07-08 03:57:08', null, null, 1, 5, '13');
insert into coupon (id, coupon_type, expiry_date, threshold, disc_pct, is_active, rep_limit, product_id) values (76, 'PRODUCT_WISE', '2023-11-23 11:31:40', 736, 68, 1, null, '53');
insert into coupon (id, coupon_type, expiry_date, threshold, disc_pct, is_active, rep_limit, product_id) values (77, 'BXGY', '2024-10-24 18:51:44', null, null, 1, 6, '59');
insert into coupon (id, coupon_type, expiry_date, threshold, disc_pct, is_active, rep_limit, product_id) values (78, 'CART_WISE', '2024-03-13 05:40:15', 225, 99, 0, null, '88');
insert into coupon (id, coupon_type, expiry_date, threshold, disc_pct, is_active, rep_limit, product_id) values (79, 'BXGY', '2024-10-10 18:09:07', null, null, 1, 1, '42');
insert into coupon (id, coupon_type, expiry_date, threshold, disc_pct, is_active, rep_limit, product_id) values (80, 'CART_WISE', '2024-05-30 07:13:37', 305, 88, 0, null, '72');
insert into coupon (id, coupon_type, expiry_date, threshold, disc_pct, is_active, rep_limit, product_id) values (81, 'BXGY', '2024-11-17 05:06:23', null, null, 0, 1, '60');
insert into coupon (id, coupon_type, expiry_date, threshold, disc_pct, is_active, rep_limit, product_id) values (82, 'PRODUCT_WISE', '2024-09-24 08:35:32', 679, 30, 0, null, '3');
insert into coupon (id, coupon_type, expiry_date, threshold, disc_pct, is_active, rep_limit, product_id) values (83, 'CART_WISE', '2024-01-17 10:53:58', 476, 33, 1, null, '17');
insert into coupon (id, coupon_type, expiry_date, threshold, disc_pct, is_active, rep_limit, product_id) values (84, 'CART_WISE', '2023-12-24 05:15:38', 259, 9, 0, null, '9');
insert into coupon (id, coupon_type, expiry_date, threshold, disc_pct, is_active, rep_limit, product_id) values (85, 'CART_WISE', '2024-09-16 20:20:03', 535, 10, 1, null, '82');
insert into coupon (id, coupon_type, expiry_date, threshold, disc_pct, is_active, rep_limit, product_id) values (86, 'CART_WISE', '2024-09-28 18:14:06', 637, 10, 0, null, '30');
insert into coupon (id, coupon_type, expiry_date, threshold, disc_pct, is_active, rep_limit, product_id) values (87, 'PRODUCT_WISE', '2024-04-16 02:01:25', 598, 35, 1, null, '81');
insert into coupon (id, coupon_type, expiry_date, threshold, disc_pct, is_active, rep_limit, product_id) values (88, 'PRODUCT_WISE', '2024-09-27 18:54:37', 320, 39, 1, null, '77');
insert into coupon (id, coupon_type, expiry_date, threshold, disc_pct, is_active, rep_limit, product_id) values (89, 'CART_WISE', '2024-01-26 11:03:43', 571, 28, 1, null, '21');
insert into coupon (id, coupon_type, expiry_date, threshold, disc_pct, is_active, rep_limit, product_id) values (90, 'PRODUCT_WISE', '2024-07-31 01:01:31', 175, 3, 1, null, '24');
insert into coupon (id, coupon_type, expiry_date, threshold, disc_pct, is_active, rep_limit, product_id) values (91, 'PRODUCT_WISE', '2024-09-14 17:07:17', 379, 78, 0, null, '99');
insert into coupon (id, coupon_type, expiry_date, threshold, disc_pct, is_active, rep_limit, product_id) values (92, 'BXGY', '2024-07-22 08:02:31', null, null, 0, 4, '54');
insert into coupon (id, coupon_type, expiry_date, threshold, disc_pct, is_active, rep_limit, product_id) values (93, 'CART_WISE', '2024-11-22 06:33:43', 654, 61, 1, null, '84');
insert into coupon (id, coupon_type, expiry_date, threshold, disc_pct, is_active, rep_limit, product_id) values (94, 'PRODUCT_WISE', '2024-06-10 08:37:27', 342, 33, 0, null, '33');
insert into coupon (id, coupon_type, expiry_date, threshold, disc_pct, is_active, rep_limit, product_id) values (95, 'BXGY', '2024-05-27 22:25:49', null, null, 0, 8, '93');
insert into coupon (id, coupon_type, expiry_date, threshold, disc_pct, is_active, rep_limit, product_id) values (96, 'PRODUCT_WISE', '2024-08-13 08:35:03', 918, 4, 0, null, '100');
insert into coupon (id, coupon_type, expiry_date, threshold, disc_pct, is_active, rep_limit, product_id) values (97, 'BXGY', '2023-12-12 14:18:24', null, null, 0, 8, '26');
insert into coupon (id, coupon_type, expiry_date, threshold, disc_pct, is_active, rep_limit, product_id) values (98, 'BXGY', '2024-09-28 17:54:57', null, null, 1, 4, '67');
insert into coupon (id, coupon_type, expiry_date, threshold, disc_pct, is_active, rep_limit, product_id) values (99, 'BXGY', '2024-06-02 00:45:48', null, null, 0, 6, '25');
insert into coupon (id, coupon_type, expiry_date, threshold, disc_pct, is_active, rep_limit, product_id) values (100, 'PRODUCT_WISE', '2024-09-21 11:53:23', 565, 33, 1, null, '96');

SET SQL_SAFE_UPDATES = 0;
update coupon set product_id=null where coupon_type !='PRODUCT_WISE';
update coupon set threshold=null where coupon_type !='CART_WISE';
-- update coupon set bx_gy_disc=null where coupon_type !='BXGY';
update coupon set disc_pct=null where coupon_type ='BXGY';
update coupon set is_active = 1;
-- First, let's identify all BXGY coupons from coupon table
-- BXGY Coupon IDs: 6.10,15,20,24,25,29,32,38,40,41,45,47,53,54,57,64,68,71,73,75,77,79,81,92,95,97,98,99
SET SQL_SAFE_UPDATES = 1;
-- First, populate bx_gy_product table with all available products
INSERT INTO bx_gy_product (product_id, quantity) 
SELECT id, quantity FROM product;

-- Now populate the buy and get products for each BXGY coupon
-- For coupon ID 6
INSERT INTO bx_gy_coupon_buy_products (coupon_id, product_id) VALUES
(6, 1), (6, 2);
INSERT INTO bx_gy_coupon_get_products (coupon_id, product_id) VALUES
(6, 3);

-- For coupon ID 10
INSERT INTO bx_gy_coupon_buy_products (coupon_id, product_id) VALUES
(10, 4), (10, 5);
INSERT INTO bx_gy_coupon_get_products (coupon_id, product_id) VALUES
(10, 6);

-- For coupon ID 15
INSERT INTO bx_gy_coupon_buy_products (coupon_id, product_id) VALUES
(15, 7), (15, 8);
INSERT INTO bx_gy_coupon_get_products (coupon_id, product_id) VALUES
(15, 9);

-- For coupon ID 20
INSERT INTO bx_gy_coupon_buy_products (coupon_id, product_id) VALUES
(20, 10), (20, 11);
INSERT INTO bx_gy_coupon_get_products (coupon_id, product_id) VALUES
(20, 12);

-- For coupon ID 24
INSERT INTO bx_gy_coupon_buy_products (coupon_id, product_id) VALUES
(24, 13), (24, 14);
INSERT INTO bx_gy_coupon_get_products (coupon_id, product_id) VALUES
(24, 15);

-- For coupon ID 25
INSERT INTO bx_gy_coupon_buy_products (coupon_id, product_id) VALUES
(25, 16), (25, 17);
INSERT INTO bx_gy_coupon_get_products (coupon_id, product_id) VALUES
(25, 18);

-- For coupon ID 29
INSERT INTO bx_gy_coupon_buy_products (coupon_id, product_id) VALUES
(29, 19), (29, 20);
INSERT INTO bx_gy_coupon_get_products (coupon_id, product_id) VALUES
(29, 21);

-- For coupon ID 32
INSERT INTO bx_gy_coupon_buy_products (coupon_id, product_id) VALUES
(32, 22), (32, 23);
INSERT INTO bx_gy_coupon_get_products (coupon_id, product_id) VALUES
(32, 24);

-- For coupon ID 38
INSERT INTO bx_gy_coupon_buy_products (coupon_id, product_id) VALUES
(38, 25), (38, 26);
INSERT INTO bx_gy_coupon_get_products (coupon_id, product_id) VALUES
(38, 27);

-- For coupon ID 40
INSERT INTO bx_gy_coupon_buy_products (coupon_id, product_id) VALUES
(40, 28), (40, 29);
INSERT INTO bx_gy_coupon_get_products (coupon_id, product_id) VALUES
(40, 30);

-- For coupon ID 41
INSERT INTO bx_gy_coupon_buy_products (coupon_id, product_id) VALUES
(41, 31), (41, 32);
INSERT INTO bx_gy_coupon_get_products (coupon_id, product_id) VALUES
(41, 33);

-- For coupon ID 45
INSERT INTO bx_gy_coupon_buy_products (coupon_id, product_id) VALUES
(45, 34), (45, 35);
INSERT INTO bx_gy_coupon_get_products (coupon_id, product_id) VALUES
(45, 36);

-- For coupon ID 47
INSERT INTO bx_gy_coupon_buy_products (coupon_id, product_id) VALUES
(47, 37), (47, 38);
INSERT INTO bx_gy_coupon_get_products (coupon_id, product_id) VALUES
(47, 39);

-- For coupon ID 53
INSERT INTO bx_gy_coupon_buy_products (coupon_id, product_id) VALUES
(53, 40), (53, 41);
INSERT INTO bx_gy_coupon_get_products (coupon_id, product_id) VALUES
(53, 42);

-- For coupon ID 54
INSERT INTO bx_gy_coupon_buy_products (coupon_id, product_id) VALUES
(54, 43), (54, 44);
INSERT INTO bx_gy_coupon_get_products (coupon_id, product_id) VALUES
(54, 45);

-- For coupon ID 57
INSERT INTO bx_gy_coupon_buy_products (coupon_id, product_id) VALUES
(57, 46), (57, 47);
INSERT INTO bx_gy_coupon_get_products (coupon_id, product_id) VALUES
(57, 48);

-- For coupon ID 64
INSERT INTO bx_gy_coupon_buy_products (coupon_id, product_id) VALUES
(64, 49), (64, 50);
INSERT INTO bx_gy_coupon_get_products (coupon_id, product_id) VALUES
(64, 51);

-- For coupon ID 68
INSERT INTO bx_gy_coupon_buy_products (coupon_id, product_id) VALUES
(68, 52), (68, 53);
INSERT INTO bx_gy_coupon_get_products (coupon_id, product_id) VALUES
(68, 54);

-- For coupon ID 71
INSERT INTO bx_gy_coupon_buy_products (coupon_id, product_id) VALUES
(71, 55), (71, 56);
INSERT INTO bx_gy_coupon_get_products (coupon_id, product_id) VALUES
(71, 57);

-- For coupon ID 73
INSERT INTO bx_gy_coupon_buy_products (coupon_id, product_id) VALUES
(73, 58), (73, 59);
INSERT INTO bx_gy_coupon_get_products (coupon_id, product_id) VALUES
(73, 60);

-- For coupon ID 75
INSERT INTO bx_gy_coupon_buy_products (coupon_id, product_id) VALUES
(75, 61), (75, 62);
INSERT INTO bx_gy_coupon_get_products (coupon_id, product_id) VALUES
(75, 63);

-- For coupon ID 77
INSERT INTO bx_gy_coupon_buy_products (coupon_id, product_id) VALUES
(77, 64), (77, 65);
INSERT INTO bx_gy_coupon_get_products (coupon_id, product_id) VALUES
(77, 66);

-- For coupon ID 79
INSERT INTO bx_gy_coupon_buy_products (coupon_id, product_id) VALUES
(79, 67), (79, 68);
INSERT INTO bx_gy_coupon_get_products (coupon_id, product_id) VALUES
(79, 69);

-- For coupon ID 81
INSERT INTO bx_gy_coupon_buy_products (coupon_id, product_id) VALUES
(81, 70), (81, 71);
INSERT INTO bx_gy_coupon_get_products (coupon_id, product_id) VALUES
(81, 72);

-- For coupon ID 92
INSERT INTO bx_gy_coupon_buy_products (coupon_id, product_id) VALUES
(92, 73), (92, 74);
INSERT INTO bx_gy_coupon_get_products (coupon_id, product_id) VALUES
(92, 75);

-- For coupon ID 95
INSERT INTO bx_gy_coupon_buy_products (coupon_id, product_id) VALUES
(95, 76), (95, 77);
INSERT INTO bx_gy_coupon_get_products (coupon_id, product_id) VALUES
(95, 78);

-- For coupon ID 97
INSERT INTO bx_gy_coupon_buy_products (coupon_id, product_id) VALUES
(97, 79), (97, 80);
INSERT INTO bx_gy_coupon_get_products (coupon_id, product_id) VALUES
(97, 81);

-- For coupon ID 98
INSERT INTO bx_gy_coupon_buy_products (coupon_id, product_id) VALUES
(98, 82), (98, 83);
INSERT INTO bx_gy_coupon_get_products (coupon_id, product_id) VALUES
(98, 84);

-- For coupon ID 99
INSERT INTO bx_gy_coupon_buy_products (coupon_id, product_id) VALUES
(99, 85), (99, 86);
INSERT INTO bx_gy_coupon_get_products (coupon_id, product_id) VALUES
(99, 87);